Review,Polarity
"Ky film më ka pëlqyer sa herë që e kam parë. Dyluftimet, aksioni, aktrimi dhe çdo gjë tjetër e mrekullueshme. ",1
Komedi e mrekullueshme. Humor i pastër që të shton jetën. ,1
"Një ngjarje e rëndësishme historike e kthyer në një histori të shtirur dashurie, me efekte speciale të ulëta.",0
"Paraqitje e dënueshme e skizofrenisë. Fabrikim i plotë i historisë së vërtetë. Aktrimi mund të jetë imirë, por nuk ka baza. ",0
Të bën të qeshësh me realizimin idiot. Shumë larg pritshmërive. Nuk ia vlen. ,0
Plotësisht i pasaktë! A kishte vallë theks amerikan në mesjetë?!,0
Një nga filmat më të këqinj që kam parë. Nuk ia vlen. ,0
Aktorët amerikanë nuk duhet të flasin me theks të shtrembëruar britanik. Film i dobët. ,0
"Një film mahnitës që gjithkush duhet ta shohi. Regjia, aktrimi, muzika, dialogjet dhe çdo gjë e përsosur. Efektet disi të dobëta gjithsesi. ",1
"Dështim i plotë. Efekte pamore të dobëta, aktrim qesharak dhe monotoni e tejzgjatur. ",0
Një nga filmat më të mirë të të gjitha kohërave. Skenari dhe konceptimi të paarritshëm. ,1
Shmanget ndjeshëm nga libri ku bazohet. Personazhi kryesor nuk i përshtatet mirë rolit. ,0
Regji dhe aktrim qesharak. Artet marciale të portretizuara shumë keq. ,0
Një nga filmat që më kanë pëlqyer më shumë. Mendoj se është më i miri i dekadës. ,1
Filmi më romantik i të gjitha kohërave. E adhuroj!,1
"Film i mrekullueshëm, përpara kohës së vet.",1
Nuk shtyhet deri në fund. Skenat janë të dobëta. ,0
Skenari çalon në shumë pika. E bën historinë qesharake dhe të pabesueshme. Jo ndonjë film i bukur. ,0
Film i mërzitshëm. Nuk përcjell asnjë mesazh. Dialogjet krejt të rëndomta. ,0
Regjisori duhet të kuptojë që gjaku nuk mjafton për ta bërë një film interesant. Aktrimi dhe muzika janë dobët. ,0
Aktorët protagonistë humbasin veten brenda rolit. Regjia dhe skenat e përkryera bashkë me muzikën fantastike sjellin një kryevepër.,1
Ky film zgjat shumë dhe është i mërzitshëm. Përshtatje e dobët që nuk ia vlen. ,0
Nuk e meriton çmimin Oscar. Nuk ofron ndonjë gjë. ,0
Aspak emocionues si film. Personazhe që nuk përcjellin gjë. Humbje kohe. ,0
Lidhjet midis personazheve duken shumë realiste. Filmi të argëton dhe ia vlen të shihet. ,1
Gënjeshtra për popullin. Një pasunar paguan një prostitutë dhe ata bien në dashuri. Histori nga më absurdet ,0
Ky film i merr shikuesit për idiotë. Nuk ka kuptim. ,0
Dhunë e tepruar dhe e kotë. Asnjë emocion!,0
Skenar i dobët që e bën filmin të mërzitshëm. ,0
Film mjeran dhe patetik. i dobët në çdo aspekt. Mos humbisni kohë. ,0
Film pa vlera. Vetëm adoleshentët mund ta pëlqejnë. Humbje kohe. ,0
"Skenar i shkëlqyer, aventura, aksion, dramë. Film shumë argëtues, pavarësisht se historia nuk është realiste. ",1
Kulmi i mërzisë! Skenar koti dhe aktrim i dobët. ,0
Film me shumë gabime dhe jo i besueshëm. Histori e mërzitshme që duket se nuk do barojë kurrë.  ,0
Aktrim i shkëlqyer. Duhet ta shihni patjetër. ,1
Fyese mënyra se si sëmundja mendore përdoret për të krijuar një gjini filmike. ,0
"Film i mërzitshëm, shumë i gjatë dhe me gabime të pafundme. Më pëlqeu vetëm vija melodike e bukur. ",0
Një nga filmat më të bukur që kam parë. Mesazh shumë i rëndësishëm. ,1
Efekte speciale të dobëta dhe aspak emocione. Histori qesharake që fyen inteligjencën e shikuesve. ,0
Emocione të forta nga një film me mesazhe të pavdekshme dhe një muzikë që të bën të derdhësh lotë. ,1
Muzika shumë e bukur. Edhe aktrimi profesional. Film që duhet parë. ,1
"Film i mërzitshëm i historisë së luftës. Të gjithë i njohin ngjarjet, ndaj nuk ia vlen. ",0
Filmi duket plotësisht qesharak. Ka plot gjëra që janë të gabuara dhe të pamundura.,0
Një nga filmat më të bukur të realizuar ndonjëherë. ,1
Humbje kohe! Llum. ,0
Një nga filmat me më shumë ndikim që janë realizuar. Shembulli i filmit fantastiko-shkencor dhe apokaliptik. ,1
Skenar qesharak dhe i mërzitshëm. Nuk ka asgjë interesante. Mos humbisni kohë. ,0
"Film historik që përmban tension, aksion, dramë dhe gjithçka tjetër të sjellë bukur, pavarësisht se devijon së tepërmi nga historia. ",1
Aspak frymëzues! Mungon tensioni dhe skenari është i pabesueshëm. ,0
Aksion i shkëlqyer me aktorë të mrekullueshëm. ,1
Një nga filmat aksion më të bukur të viteve ‘80!,1
Zhgënjim i madh. Dialogje të kota që nuk ngjallin humor. Romancë e shtirur pa kimi midis dy personazheve. ,0
Mister dhe horror shumë interesant. Personalitete komplekse që tejkalojnë çdo pritshmëri. ,1
Humbje kohe! Pistoleta me pafundësi fishekësh që nuk mbarojnë asnjëherë. Qesharak!,0
"Personazhi kryesor shfaqet si supernjeri që nuk mund të vritet, që hyn në shtëpinë e dikujt pa u parë. Skenar i pabesueshëm. ",0
Film me gabime historike dhe efekte speciale të dobëta. Muzika është shumë e bukur gjithsesi. ,0
Film i mrekullueshëm. Aksion i realizuar shumë bukur. Duhet ta shihni patjetër. ,1
Filmi i përsosur që mund të shihet me familjen për krishtlindje. ,1
Nivel i jashtëzakonshëm i gjinisë së filmave fantastiko-shkencorë. Filmi më i mirë i viteve ‘90.,1
Ka shumë keqkuptime rreth agjencisë kombëtare të sigurisë. Kushdo që e njeh komunitetin e sigurisë mund t’i vëjë re gabimet,0
Absolutisht magjepsës! Përsosmëria e kinematografisë e përmbledhur në një film. ,1
"Komedi gjeniale me aktrim të shkëlqyer, muzikë, aventurë dhe gjithçka. ",1
Lotoj sa herë që e shoh. Do ta shoh përsëri.,1
Dhunë qesharake dhe e mërzitshme.,0
Filmi aksion më i mirë i të gjitha kohërave. Aktrim i shkëlqyer dhe efekte të jashtëzakonshme. ,1
Film i gjatë dhe aspak tërheqës. Skenat në përgjithësi janë realizuar dobët dhe ka shumë shmangie nga historia ku bazohet. ,0
Skenar i pabesueshëm. Një miliarder nuk mund të jetë aq budalla sa të dashurohet me një prostitutë. Fyerje e inteligjencës. ,0
Aspak realist. Skenat nuk bindin fare. Aktrim mediokër dhe efekte speciale të dobëta.,0
Film i mrekullueshëm. Aktrim i shkëlqyer nga të gjithë protagonistët. Histori interesante që të tërheq vëmendjen. ,1
Një skenar i thjeshtë nuk mund të jetë kaq i gjatë. Filmi ecën ngadalë dhe bëhet i mërzitshëm. Aktrimi është i mirë gjithsesi. ,0
"Skenar i gjatë, i rëndomtë dhe i mërzitshëm. Aktorët janë të famshëm, por nuk arrijnë t’i shtojnë vlera filmit. ",0
Humbje kohe ta shohësh. Komplet i mërzitshëm. ,0
"Një nga filmat më frymëzues të realizuar. Duhet ta shohin sidomos adoleshentët, për të kuptuar mbi jetën. ",1
interpretim shumë realist por edhe i bukur dhe argëtues. E rekomandoj,1
Hymnizim i mediokritetit! Përpiqet ta bëjë çdo njeri mesatar të ndihet mirë me vetën sepse është mesatar si personazhi kryesor. ,0
Të bën me të vërtet të mendosh. Film që jep një mesazh të fortë. ,1
Film i shkëlqyer. Duhet ta shihni. ,1
"Skenar i pabesueshëm. Personazhi kryesor na del i pamposhtur, i kudondodhur, i patrembur dhe orator njëkohësisht. ",0
"Një melodramë fantastike, përpara kohës së vet.",1
Histori emocionuese dhe realizim i shkëlqyer. Aktrim i nivelit të lartë dhe dialogje depërtuese. ,1
Personazhet lënë për të dëshiruar. Historia nuk përcjell mesazhe dhe nuk të mëson gjë. ,0
Film zhgënjyes! Skenar i rëndomtë dhe qesharak.,0
Portretizim i shkëlqyer i mafjes italianë që merr kontrollin e Las Vegasit. Film fantastik në çdo drejtim,1
Dramë erotike që të bën për vete. E rekomandoj!,1
Muzikë koti e viteve ‘70 që e bën filmin të mërzitshëm. Më zhgënjeu komplet. ,0
Shumë i gjatë dhe me prirje për të manipuluar turmat. Aktrimi i mirë nuk e mbulon dot mërzitjen që sjell historia monotone. ,0
Aktorë të mrekullueshëm. Melodramë kryevepër që provokon mendimet.,1
"Shqelma, grushta dhe seksualitet. Pa asnjë vlerë. ",0
Regjia shumë e dobët. Pa vlera!,0
Film që përcjell mesazhe domethënëse. Dashuria mund të kapërcejë çdo kufi. ,1
Film që të mbërthen vëmendjen. Regji dhe aktrim i shkëlqyer. ,1
Një klasik i përhershëm. U dashurova me këtë film që kur e pashë për herë të parë. ,1
Një nga më të mërzitshmit që kam parë. Nuk ka asnjë kuptim. ,0
Skena që përsëritin njëra tjetrën dhe që bëhen të mërzitshme. Nuk ia vlen fare. ,0
Aksion i shkëlqyer. Po ashtu edhe aktrimi.,1
Film i shkëlqyer. Histori interesante dhe muzike emocionuese.,1
"Gabime nga më të shumtat në skenar dhe realizim. Aktrimi jo i mirë. Efektet speciale duken të arrira, por nuk mjaftojnë. ",0
Aspak argëtues. Romancë e parashikueshme e realizuar keq. ,0
Mos humbisni kohë. Film shumë i keq. ,0
Më tepër se i bukur. Histori prekse që të emocionon. Regji dhe aktrime të shkëlqyera. ,1
"Vlera e filmave me dyluftime përcaktohet nga koreografia. Këtu koreografia është e dobët, njësoj si filmi.",0
Film argëtues. Dialogje të shkurtra por plot me aksion. Duhet ta shihni. ,1
Nuk mund ta besoj se si shumë njerëz e pëlqejnë. Film pa vlera. ,0
Film që nxit racizëm dhe keqtrajtim të kafshëve. Regji dhe aktrim i dobët që nuk sjellin gjë me vlerë. ,0
Ky film është i zbrazët nga fillimi në fund. Skenar i parashikueshëm dhe dialogje të dobëta,0
Dialogje anakronike dhe drejtim mediokër. Pa asnjë vlerë!,0
Film me mesazhe domethënëse. Gjithkush mund të mësojë diçka. ,1
Një nga filmat më të mirë të James Bond,1
Propagandë amerikane me rusë të këqinj e amerikanë të mirë. Skena aspak realiste dhe shumë të shtirura. ,0
Realizim bindës i historisë. Aktrim imirë dhe skena të bukura dyluftimesh. Tërheqës dhe argëtues. ,1
Humbje kohe. Histori e trilluar që nuk ka lidhje me të vërtetën. Rast tipik i shtrembërimeve që dikton kinematografia.,0
Një nga filmat aksion që me ka pëlqyer më shumë.,1
Ndoshta filmi më i bukur i realizuar ndonjëherë. Duhet parë parjetër,1
Filmi më i bukur që kam parë. Pa asnjë të metë. ,1
Filmi më i bukur i fëmijërisë. interesant dhe madhështor në thjeshtësinë e vet. ,1
"Shumë emocionues. Qesha, qava, qesha përsëri…",1
Jo ndonjë film interesant i gjinisë aksion.,0
Një gur i çmuar në historinë e gjinisë aksion. Duhet ta shihni.,1
"Film që i përmbledh të gjitha. Dramë, horror, aksion, aventurë. Historia nuk është realiste, por filmi nuk të zhgënjen aspak. ",1
"Veç kostumeve të bukura të aktorëve kryesor, nuk ka asnjë vlerë ky film. Mos humbisni kohë. ",0
"Kot fare! Shpërdorim parashë. Duket si gjysmë komedi, gjysmë vizatimor. ",0
Një nga filmat më të mirë të regjisorit. Duhet ta shihni patjetër. ,1
Romancë dhe aksion i bazuar në një histori të vërtetë. Vija melodike e papërsëritshme. Devijimet nga historia nuk ia zbehin vlerat. ,1
Film pa asnjë logjikë. Efekte speciale të ulëta dhe aktrim i dobët që të mërzit. ,0
Histori idiote dhe aktrim i dobët. Edhe regjia e kostumet janë kot fare. ,0
Film shumë i bukur. Komedi dashurie që të bën për vete. ,1
Mediokritet i garantuar! Asnjë vlerë artistike apo mesazh. Nuk ia vlen. ,0
Kryevepër në çdo aspekt! Duhet ta shihni patjetër. ,1
Histori qesharake e mbushur me efekte speciale të kota. Nuk ia vlen. ,0
Një nga filmat më të bukur që kam parë! Më ka magjepsur gjithnjë historia. ,1
ide idiote të përziera me horror. Aktrimi për faqe të zezë. ,0
Filmi aksion më i mirë i viteve ‘90. Diçka realiste në malet shkëmbore. ,1
Film plot aventura. Realizim interesant që e bën të përshtatshëm edhe për fëmijët. ,1
Film i shkëlqyer që të bën për vete dhe të emocionon. Gabimet historike nuk ia ulin vlerat. ,1
"Skenar shumë i mirë, beteja të realizuara bukur, aksion dhe tension. ia vlen të shihet. ",1
Film i shkruar keq dhe me regji të dobët. Si mund të quhet ky film një nga më të mirët?!,0
Film pa kuptim. Skenar i dobët dhe histori që mund të besohet vetëm nga kalamajtë. ,0
Ngelet një kryevepër edhe pas 30 vitesh. Aktorët protagonistë kanë luajtur mjeshtërisht. ,1
Kot fare. Filmi më i keq i vitit. ,0
"Tepër i gjatë, i paqartë dhe me ngatërresa historike të shumta. Muzika është e bukur por nuk mjafton. ",0
Film që mund ta shoh herë pas here. Me shumë kuptim. ,1
Dështim i plotë. Stresues për fëmijët. Nuk e rekomandoj. ,0
Ta shpif! Film tmerësisht i keq.,0
Një nga filmat komik më të mirë të të gjitha kohërave. Duhet ta shihni. ,1
"Pse ca njerëz shohin këtë plerë për krishtlindje? S’ka fare shpirt të krishtlindjeve, por vetëm dhunë të kotë. ",0
Gjithçka e përkryer në këtë film. Një kryevepër në të gjitha drejtimet. ,1
Skenar i shkruar bukur dhe me mesazh të fortë. Fuqia e dashurisë mund të mposhti gjithçka. ,1
Melodramë legjendare me regjisor dhe aktorë protagonist të papërsëritshëm. Nuk duhet ta humbisni,1
Film me skenar pa vlera. Shumë i mërzitshëm.,0
Nuk ia vlen fare. Mos humbisni kohë. ,0
Duhet ta shihni patjetër. Film që të prek dhe të emocionon sa herë që e sheh. ,1
Film i pavdekshëm. Një nga më të mirët e historisë së kinemasë. ,1
Film drithërues! Personazhe të shkëlqyera dhe aktrim i mirë. Të mbërthen vëmendjen,1
Fyerje për kinematografinë. Aktrim i dobët në një film të mërzitshëm,0
Aksion shpërthyes dhe interesant. Film i shkëlqyer.,1
Kryevepër! Film fantastiko-shkencor dhe apokaliptik e realizuar shkëlqyeshëm. ,1
Film mahnitës që nuk duhet humbur. Mesazhe dhe muzikë e pavdekshme. Dhuna fatkeqësisht e bën të papërshtatshëm për fëmijët. ,1
"Trup aktorësh i shkëlqyer. Po ashtu edhe historia, muzika dhe realizimi në përgjithësi. ",1
Një nga filmat më të dobët të regjisorit. Shpërdorim i trupës së shkëlqyer të aktorëve. ,0
Ky film është i shkëlqyer. Muzika e mrekullueshme. ,1
"Filmat britanikë janë më të mirët. Historia është e thjeshtë, por përcjell shumë pozitivitet. ",1
Një nga më të mirët që kam parë. Shumë artëtues dhe që ta mban interesin të gjallë. ,1
"Skenari, dialogjet, vendet dhe ndjeshmëria që përcjell janë të gjitha një dështim i plotë. Nuk ia vlen.",0
Film fantastik! Stili i filmave të vjetër komik. ,1
Film i rëndomtë. Shaka patetike për vajzat e reja të viteve ‘90,0
Si ka mundësi që ky film urrehet kaq shumë. Mua mu duk fantastik dhe i paharrueshëm. ,1
Aktrim dhe skenar i shkëlqyer. Më pëlqeu shumë.,1
Dramë monotone me skenar absurd dhe të përciptë. Nuk ia vlen. ,0
Filmi me vlerësimet më të pamerituara në historinë e kinematografisë.,0
Film idiot pa baza apo lidhje me realitetin. Mos humbisni kohë,0
Personazhet nuk të bëjnë për vete. Disa skena janë trajtuar cekët.  ,0
Personazh psikopat që nuk përcjell asnjë mesazh. Nuk ia vlen. ,0
Skena pa shumë kuptim. Muzika shumë e dobët. Në përgjithësi është film i mërzitshëm. ,0
Film i neveritshëm me efekte depresuese. Skenat janë të mërzitshme. ,0
E kam parë 20 apo 30 herë. Aksion që përcjell mesazhe të forta për njerëzimin. ,1
Film fantastik aksion me dyluftime. Argëtim i garantuar për këdo që i pëlqen këta filma. E rekomandoj.,1
Film i dobët dhe zhgënjyes. Larg pritshmërive. ,0
Komplet pa kuptim. Çudi që disave u pëlqeka. Skenari idiot.,0
Film idiot dhe i pabesueshëm. Shumë i përciptë. Muzika romantike nuk mjafton për një film të mirë. ,0
Film i shkëlqyer i viteve ‘90. Një nga filmat më mbresëlënës nga fëmijëria ime. ,1
Aktrim mjeshtëror me skena të paharrueshme që e bëjnë filmin shumë interesant. ,1
Histori mahnitëse dashurie që të bën për vete. Trupë e shkëlqyer aktorësh që japin më të mirën e tyre. ,1
"Film patetik, me aktrim të dobët dhe pa përmbajtje. Efektet speciale qesharake. ",0
Dialogje banale që zgjaten pa fund në kohë. Humbje e madhe kohe. ,0
Film argëtues që ia vlen ta shihni. Recensat nuk janë një tregues i drejtë apo i besueshëm. Ky film meriton më tepër.,1
Ky film është tallje me kinematografinë. ,0
Fantashkencë e dobët e krijuar me kompjuter. Asnjë vlerë artistike. ,0
Film i mërzitshëm dhe pa vlera. Skena të shtirura dhe pa përmbajtje. ,0
Një nga filmat aksion më të bukur. Ngjall emocione të forta. ,1
Film i kotë! Ka gabime nga më të ndryshmet. ,0
"ideja deri diku interesante, por realizimi për faqe të zezë. Aktrim i dobët dhe pa asnjë emocion. ",0
Histori absurde! Ç’lidhje mund të kenë peshkaqentë me alzaimerin?! Efektet speciale shumë të dobëta. ,0
Film shumë i dashur i fëmijërisë sime. Një nga filmat më të mirë me alienë. ,1
"Aktrim i dobët dhe dialogje të ulëta. Muzika përpiqet të frikësojë shikuesin, por nuk ia del. ",0
Risjellje e bukur e një përralle të lashtë. E pashë me motrën dhe na pëlqeu shumë. ,1
Film i mahnitshëm! Një nga më të mirët e të gjitha kohërave.,1
Komedi romantike që e rekomandoj shumë. E adhuroj!,1
Skenar i parashikueshëm dhe i mërzitshëm. Aktrim i dobët. Nuk ia vlen. ,0
Skenar me kuptim dhe personazhe të besueshme. Romancë e shkëlqyer që përcjell emocione. ,1
Film i mërzitshëm dhe aspak realist. Një peshkaqen i mençur dhe dy herë më i madh se pershkaqeni normal. ,0
Qesharak! Realizim bosh që është turpërues për historinë. Regjia lë për të dëshiruar dhe efektet speciale të përparuara nuk sjellin gjë.,0
"Film i padurueshëm. Dhunë idiote, dialogje qesharake dhe asnjë vlerë. Shumë i mbiçmuar. ",0
Komedia familjare më e bukur e realizuar. ,1
Nuk ka ndonjë gjë për të parë. Nivel i ulët.,0
Plerë e mbështjellë bukur. Mediokritet. ,0
Film i shkëlqyer! Muzika fantastike!,1
"Rasti tipik i një filmi me çdo element mediokër, dhe që përpiqet të dali tërheqës vetëm me anë të efekteve speciale dhe teknologjisë. ",0
Film fantastik që nuk duhet ta humbisni. Romancë e mrekullueshme dhe muzikë që të emocionon. ,1
Personazhet nuk janë realist. Aksion dhe dhunë që nuk ngjallin interes.,0
Histori idiote pa asnjë kuptim. Ndoshta ky film është realizuar për sadistët.,0
"Histori e trishtë që të prek dhe të emocionon. Filmi është realizuar shumë bukur, nga aktorët e shkëlqyer. ",1
Aksion i pandalshëm në një nga filmat më të mirë me banda. Personazhi kryesor në luftë me veten. E rekomandoj.,1
"Film që nuk bind, veçanërisht personazhi kryesor. Historia është e bukur dhe e risjellë saktë, por realizimi filmik është i dobët. ",0
Skenar i mirë dhe intrigues. Përcjell vlera edukative dhe mesazhin se këmbngulja mposht gjithçka. ,1
Ky film nuk është arritur nga ndonjë tjetër edhe pas kaq shumë vitesh. Duhet parë patjetër. ,1
"E vetmja pjesë e mirë është lutja e mbretit për trupin e të birit. Gjithçka tjetër nuk ia vlen. Aktrim i dobët, histori e shtirur.",0
Një nga filmat më kot që kam parë! Humbje kohe!,0
Skenari nuk është shfrytëzuar mirë. Aktrimi i dobët. ,0
Film i shkëlqyer me dramë dhe aksion të ndërthurur bukur. ,1
Nuk shfaq asgjë. Absurd dhe pa vlera. Mos e shikoni. ,0
"Nëse nuk të pëlqen ky film, më vjen shumë keq për ty. Je shpirt i humbur. ",1
Film i dobët nga fillimi në fund. Gabime të shumta në skenar dhe në realizimin e skenave. Efektet grafike janë të mira gjithsesi. ,0
Tri orë kryevepër! Përcjell mesazhe të pavdekshme si sakrifica për liri dhe drejtësi. Regji dhe aktrim i shkëlqyer. Muzika e pavdekshme. ,1
Film i mërzitshëm. Skenar i pabesueshëm dhe aspak origjinal. ,0
"Histori shumë e dobët, me personazhe të parashikueshëm që nuk përcjellin emocione. Vetëm muzika e bukur nuk mjafton. ",0
Film shumë i bukur. Edhe aktrimi shumë i mirë. ,1
Shpërdorim parash dhe kohe. ika nga kinemaja pa arritur filmi në gjysmë. ,0
"Film i mrekullueshëm. Pavarësisht sa i mençur je, nëse ke vullnet në atë që bën do jesh më i miri. ",1
"Skenar i mbrapshtë, aktrim i dobët dhe efekte speciale qesharake. ",0
Shumë komik dhe i bukur. Të shton jetën. ,1
E adhuroj këtë film. Larmi e madhe personazhesh. ,1
Dramë e shkëlqyer me aksion që të bën për vete. Të bën kurioz ta shohësh deri në fund.  ,1
Film që ia rekomandoj gjithkujt. Histori me aventura që të bën për vete. ,1
Aktrim i shkëlqyer. Muzika fantastike!,1
Histori origjinale! Vendet dhe skenat janë të bukura. Muzika e shkëlqyer. ,1
Një film i mrekullueshëm rreth moralit dhe së drejtës. Shumë emocionues. Në fund do qani me siguri. ,1
Disi i mërzitshëm. Koreografia e dyluftimeve është e dobët.,0
Dialog i keq. Fyes për këdo.,0
Melodramë e shkëlqyer. Aktorë të mrekullueshëm.,1
Shumë i dhunshëm si film. Skenar qesharak dhe aspak realist. Nuk ia vlen. ,0
Film fantastik! Konceptimi psikologjik është i përkryer dhe të bën për vete. Grafika dhe skenat të mrekullueshme. ,1
Skenar i bukur dhe personazhe që interpretojnë mirë. Muzika është tërheqëse por efektet janë disi të dobëta. ,1
Film shumë i kënaqshëm dhe argëtues. Çudi që nuk i ka arritur objektivat financiare. E rekomandoj!,1
Nuk ia vlen. Ka shumë gabime dhe aktrim të dobët. Dialogjet janë të varfëra. Efektet speciale janë gjithsesi të mira. ,0
Zhvillimi në kohë i karaktereve e bën këtë film shumë të veçantë. Përcjell emocione dhe mesazh të fortë. ,1
Film aksion i mrekullueshëm! Histori e thjeshtë por interesante.,1
Më pëlqeu çdo minutë e këtij filmi. Një kryevepër në çdo aspekt. ,1
Regjia më e dobët që kam parë. Shumë i mërzitshëm. ,0
Ky film të bën të duash të thyesh televizorin. S’kam parë film më të neveritshëm. ,0
Zhgënjyes dhe i dobët. Mos humbisni kohë me kotësira të tilla. ,0
"E kam parë dhjetra herë. Aktorët të mrekullueshëm, po ashtu edhe muzika. ",1
Skenar mahnitës nga fillimi në fund. Skenat janë intensive dhe të realizuara mirë. ,1
Film i mrekullueshëm i fëmijërisë. Realizim i shkëlqyer i skenave me arte marciale.,1
Aspak i bukur. Komplet i pabesueshëm.,0
"Kryevepër me aksion, mister, dramë, stres e frikë të kombinuara shkëlqyeshëm. Film i papërsëritshëm në çdo aspekt. ",1
Zhgënjim i madh. Nuk e prisja të ishte një film kaq i dobët. ,0
Film i urryer. Humbje totale kohe. Personazhe të mërzitshëm në një histori të ulët. ,0
Film spektakolar. Gazmor sa s’ka më. Të këput së qeshuri.,1
"Shiheni vetëm nëse vuani nga pagjumësia. Seriozisht, ky film nuk vlen veçse për të na vënë në gjumë. ",0
Film pa vlera. Dialogje të dobëta. ,0
Personazhe që janë si të frikshëm edhe gazmorë. Të shkëlqyera si historia edhe drejtimi e aktrimi. ,1
Një nga filmat më të bukur që janë realizuar. Aktrim i shkëlqyer nga e gjithë trupa e aktorëve. Disi i gjatë por ia vlen. ,1
Si mund të pëlqehet ky film? Skenat e dyluftimeve janë absurde. Muzika ta shpif. Film i rëndomtë në të gjitha. ,0
Përshtatje moderne e një historie klasike. Më tërhoqi deri në fund. Aktorët bashkëveprojnë mirë me njëri-tjetrin. ,1
Film aksion kryevepër. Skenar i shkëlqyer me skena të bukura dyliftimi.,1
Mishërim i përsosmërisë. Një nga filmat më të mirë të të gjitha kohërave. ,1
"Aktrimi dhe efektet janë të mira, por çdo gjë tjetër nuk ka vlerë. ",0
Një përrallë klasike. Komedi romantike shumë argëtuese që duhet parë patjetër. ,1
Racizëm dhe klishe pa fund. Aspak i bukur.,0
Paraqitje e shkëlqyer e arteve marciale. E rekomandoj!,1
Propagandë! Film i sajuar për të qenë i përciptë,0
"Fantashkencë interesante, me personazhe të spikatur dhe efekte speciale të realizuara mjaft mirë. ",1
Film i bukur që shfaq dyluftimet e rrugës. Aktrim i shkëlqyer!,1
Komedia romantike më e bukur që kam parë. Britanikët dinë t’i realizojnë filmat e kësaj gjinie. ,1
Film idiot me sa e sa gabime historike. Efektet speciale qesharake. ,0
Nuk të bën për vete ky film. Muzika është e dobët dhe nuk ngjall kuriozitet. ,0
"Tension, dramë, aventurë dhe aksion. Ky film i përmbledh të gjitha shumë bukur. ",1
Film idiot me histori idiote. Veç skenave të dyluftimeve nuk ka gjë tjetër. ,0
Filmi më i keq që kam parë gjithë jetën time,0
Film që nuk shtyhet fare. E pamundur ta shohësh deri në fund. Mos humbisni kohë. ,0
Realizim i mirë me efekte speciale të shkëlqyera. Film interesant që mund të shihet nga kushdo. ,1
Film argëtues që duhet parë patjetër. ,1
"Film pa vlera me histori koti dhe plot gabime. Efektet speciale janë të bukura, por muzika e dobët. ",0
Film qesharak. Duket sikur ia vlen vetëm për gratë që ëndërojnë të bëjnë pazar gjithë jetën. Aspak realist. ,0
"E kam parë dhjetra herë dhe vazhdoj ta shoh. Megjithëse është disi i gjatë, nuk bëhet kurrë i mërzitshëm. ",1
Skenat aksion shumë të dobëta. Plotësisht i mërzitshëm. ,0
Film interesant dhe i frikshëm. Histori tërheqëse me peshkaqentë që nuk mund të ishin më të mëdhenj. ,1
Më pëlqeu shumë dhe ia rekomandoj gjithkujt. Romancë dhe muzikë emocionuese që bazohet te lufta e dytë botërore. ,1
"Supozohet të jetë aksion, por në fakt është film qesharak, i pabesueshëm nga askush dhe shumë i turpshëm. ",0
"Film emocionues, plot aksion, që të rrëmben vëmendjen. Duhet parë!",1
Një film i mërzitshëm dhe plot sadisma. Muzika irrituese.  ,0
Ka mundësi të jetë një nga filmat më të mirë të realizuar ndonjëherë. ,1
E kam parë sa e sa herë dhe ia rekomandoj gjithkujt që dëshiron të ndihet mirë. ,1
"Romancë e mrekullueshme, e ëmbël dhe e hidhur njëkohësisht. Historia dhe aktrimi janë të një niveli shumë të lartë",1
"Supozohet të jetë aksion, por nuk ia vlen fare. ",0
"Një nga filmat më të mirë. Ka gjithçka aty brenda: aventurë, romancë, humor, aksion.",1
Film me aktrim të shkëlqyer dhe me skenar të balancuar mirë.,1
Rikrijim aspak origjinal i historisë. Film i mërzitshëm nga fillimi deri në fund. ,0
"Skenar i dëbët, me kalime nga një vend në një tjetër pa asnjë kuptim. ",0
E shoh në krishtlindje. Përmbledh gjërat me vlerë në jetë dhe si të jeshë i mençur dhe me fat për të vendosur.,1
Më pëlqeu shumë! U mahnita nga aktrimi i përkryer.,1
Gjithkush e kupton që skenari është i keq. E pabesueshme që është parë tej mase. ,0
"Histori interesante, por e trishtë në fund. Filmi është argëtues dhe ia vlen të shihet. ",1
Një nga filmat më argëtues të viteve ‘90,1
Efekte pamore shumë të dobëta. Kanë qenë më të mira në vitet ‘30. Shpërdorim parash. ,0
Duhet shmangur me çdo kusht. Një nga filmat më të shpifur që kam parë ndër vite. ,0
i fryrë dhe pa përmbajtje.,0
Film horror që të bën për vete. Skenari është imagjinar por shumë interesant dhe i besueshëm. Dialogjet me nivel. ,1
Skenar qesharak nga fillimi në fund. Aktrim i dobët dhe efekte artificiale që nuk ndihmojnë. ,0
Histori interesante e sjellë si një aventurë dhe aksion. Regji dhe aktrim i shkëlqyer që mbështeten nga efekte të realizuara mirë. ,1
Pse nuk ka më filma si ky?! Film i papërsëritshëm aksion dhe me arte marciale. ,1
Dhunë e neveritshme. Film i bazuar te hakmarrja që shfaq shumë dhunë ndaj grave. ,0
Për mua ky film ngelet një nga më të mirët e të gjitha kohërave. Kryevepër e papërsëritshme. ,1
Nuk do shpenzoja asnjë qindarkë për këtë.,0
Kryevepër! E gjithë merita e regjisorit.,1
Film i thjeshtë në një mënyrë idiote. Jep një pamje shumë naive të problemeve shoqërore. ,0
Shumë autentik. E shfaq historinë dhe kulturën e amerikës në mënyrë realiste. ,1
Të mban kurioz deri në fund! Duhet parë veçanërisht për historinë dhe dialogjet. Ka disa gabime gjithsesi. ,1
Film i shkëlqyer! Histori dashurie që tejkalon pozitat.,1
"Fillimi është i mirë, por fundi zhgënjyes. Realizim i dobët që nuk mund të krahasohet me versionin e mëparshëm. ",0
E adhuroj këtë film për shumë arsye. ,1
Film i shkëlqyer. Portretizon mbijetesën në xhungël. ,1
Për mua ky është filmi më i bukur i të gjitha kohërave. Film që të emocionon dhe të jep mesazhe të paharrueshme. ,1
Ky film është stresues në vend që të jetë argëtues. Nuk duhet parë as nga fëmijët as nga të rriturit. ,0
Një nga filmat më të bukur me temë historike që kam parë. Aktrim i shkëlqyer dhe efekte speciale të mrekullueshme.,1
Thjeshtësi që të bën për vete. Aksion dhe aventurë interesante që të mban kurioz deri në fund. ,1
Ky film më pëlqen shumë. Kam parë shumë të tillë në fëmijëri.,1
Aspak argëtues. Nuk është as gazmor dhe nuk ngjall kuriozitet. Hiq efektet speciale të mira dhe nuk ngelet asgjë. ,0
Film me mesazhe të rrezikshme të fshehura mirë nëpërmjet muzikës së ndjeshme ,0
Tensionues dhe intrigues. Përmban një raport të duhur të aksionit gjithashtu. ia vlen ta shihni. ,1
Humbje kohe! Fundi absurd dhe fare pa kuptim. Nuk ia vlen. ,0
Skenar i dobët. Edhe aktrimi i dobët. Personazhe me theks të keq që nuk ngjallin emocione. ,0
Skenar që çalon në shumë pika. Realizimi është i keq dhe pa vlerë. ,0
"Ky film është i shkëlqyer, me skenar shumë interesant. ",1
Nuk ia flen fare. Mos humbisni kohë!,0
Niveli më i ulët i filmave Western. Skenar absurd dhe zhvillim i ngadaltë i ngjarjeve. ,0
Aspak origjinal. Shumë gabime historike që e zbehin interesin për këtë film,0
Shmangeni me çdo kusht. Personash aspak realist që më zhgënjeu komplet. ,0
Qesharak dhe aspak realist. Mbrëmje e çuar dëm. ,0
Melodramë e paparë! Aktrime mjeshtërore në një film të mrekullueshëm nga fillimi në fund. ,1
Filmi më i bukur me arte marciale! Regjia e shkëlqyer. ,1
Kryevepër në çdo aspekt. Dialogje dhe mesazhe të pavdekshme. Realizim i papërsëritshëm. ,1
Aksion i bukur me aktrim dhe regji të shkëlqyer. Të mban të mbërthyer para ekranit. ,1
"Zhvillimi i personazheve është mbreslënës, përgjatë historisë shumë interesante. ",1
"Histori shumë interesante, emocione pa fund, efekte të shkëlqyera.",1
Tmerrësisht i mërzitshëm. E humba kuriozitetin dhe interesin që pas 10 minutave të para. ,0
Skenar u ulët dhe i mërzitshëm. Skenat aksion janë të shtirura. ,0
Argëtim i garantuar. Skenat aksion të përkryera,1
Horror qesharak me skenar të parashikueshëm dhe aspak interesant. Humbje kohe. ,0
Aksion i klasit të lartë në vitet ‘90.,1
Propagandë e hidhur fetare,0
Film i bukur me aksion dhe dramë. Efektet grafike janë të një niveli të lartë. Muzika jo ndonjë kushedi. ,1
Portretizim i heroit që nuk dorëzohet. Film frymëzues dhe interesant i luajtur bukur. ,1
Plot me aventura. E rekomandoj!,1
Aspak gaztor. Nuk i arrin pritshmëritë.  ,0
Një nga aktrimet më të dobëta. S’ka gjë më të keqe se theksi i dobët i aktorëve. ,0
"Fyes në çdo drejtim. i nxjerr britanikët si djaj. Ka dialogje të mira dhe muzikë të bukur, por në tërësi nuk ia vlen. ",0
"Dhunë e paarsyeshme, personazhe të papëlqyeshëm, histori e mërzitshme. ",0
Film i pakuptimtë. Zhinxhir ngjarjesh të dhunshme dhe skenash dekadente që të mërzisin. ,0
"Çova dëm 2 orë me këtë film. Nuk ia vlen fare. Fillimi është interesant dhe krijon shpresa për histori të bukur, por vazhdimi është zhgënjyes. ",0
Shpërdorim fondesh për një film mediokër. Skenar idiot që nuk të ngjall emocione. ,0
Një nga filmat më të mirë të realizuar ndonjëherë. Nuk ka asnjë të metë. ,1
Sapo e sheh këtë film e kupton që është kryevepër. ,1
Një nga filmat më të dobët që kam parë prej shumë kohësh. Skenari për faqe të zezë. ,0
Pompozitet i pashembullt. Propagandë e paraqitur në mënyrë të shëmtuar. ,0
Një nga filmat më kot të realizuar ndonjëherë. Mërzitës!,0
Film që të mbërthen para televizorit. Magjeps dhe ngre pikëpyetje të shumta rreth fajit dhe hakmarrjes.,1
Tre orë janë shumë për çdo film. Ky film ka regji të dobët. Dialogjet janë të bukura por asgjë tjetër. ,0
Shumë i mërzitshëm. Hakmarrje qesharake. ,0
Aktrim qesharak dhe histori mediokre. Nuk ia vlen.,0
"Gjithçka e realizuar mjaft mirë, skenat, personazhet, dialogjet. Film që të risjell në humor. ",1
Skenar absurd dhe pa asnjë bazë. Film fantastiko-shkencor i mërzitshëm dhe i realizuar dobët. ,0
Dhunë e pakuptimtë që nuk duhet parë nga fëmijët. Si mund të jetë ky film për krishtlindje?!,0
Aktorët janë kombinuar shumë mirë. Dialogjet dhe skenat janë realizuar shkëlqyeshëm. ,1
Gjithçka e shkëlqyer në këtë film. Aktrim i mrekullueshëm që e bën filmin interesant dhe argëtues. ,1
"Vetëm budallallëqe shfaq ky film. Skenar idiot, aktrim i dobët dhe dialogje koti. ",0
Falsifikim i turpshëm! Ngjarjet aspak të vërteta.,0
Skenari është qesharak dhe i parashikueshëm. ,0
Film që të mbërthen para ekranit për 3 orë. Kryevepër në çdo aspekt. Duhet ta shihni patjetër. ,1
Zhgënjim i plotë. Shpërdorim fondesh dhe kohe. Nuk ia vlen.,0
Regji shumë e mirë. Edhe aktrimi i shkëlqyer. Histori që ngjall kuriozitet për ta parë deri në fund. ,1
Merita të regjisorit. Muzika e papërsëritshme. ,1
Film me aktrim dhe regji të shkëlqyer që të mbërthen me emocione dhe kuriozitet deri në fund,1
"Skenar tipik i filmave aksion. Aktrimi i shkëlqyer, po ashtu edhe efektet. ",1
"Më duket shumë i mbiçmuar ky film. Është mesatar, për të mos thënë mediokër. Ka dialogje të mira, por efektet janë të dobëta. ",0
"Një kryevepër me bazë hakmarrjen, me regji dhe aktrim të shkëlqyer. Muzika e papërsëritshme. ",1
Histori interesante dhe shumë argëtuese. Aventurë dhe aksion me efekte speciale të besueshme.,1
Mediokritet nga fillimi në fund. Dialogje të varfëra dhe aktrim i dobët. ,0
"Histori realiste mesjetare me humor të hollë, aktrim të mirë dhe efekte speciale të bukura. ia vlen si për fëmijë edhe për të rritur. ",1
Film i neveritshëm. ,0
Filmi më i keq që kam parë! Më i dobëti i shekullit. ,0
Komedi e shkëlqyer! Mund ta shohësh dhjetra herë dhe nuk të mërzitet. ,1
"Skena të lidhura keq me njëra-tjetrën, në një film që nuk ngjall asnjë emocion.",0
Film i mrekullueshëm që nuk duhet ta humbisni. Historia vjen në përmirësim nga fillimi në fund. ,1
"Aventura interesante, peizashe të bukura, romancë dhe çdo gjë tjetër që mund të shijohet si nga të rriturit edhe nga fëmijët. ",1
Një kryevepër e regjisorit. Çdo dialog e skenë është fantastike. ,1
Një nga komeditë më të bukura të të gjitha kohërave. Skenar dhe aktrim gjenial.,1
Një nga filmat më të mirë të të gjitha kohërave. Arte marciale dhe aksion i papërsëritshëm. ,1
Aksion pa fund. Regji dhe aktorë të mrekullueshëm. ,1
Filmi më i mirë me gjarpërinj. Shijojeni!,1
Tallje me kinematografinë! Skenar qesharak dhe film pa vlera. ,0
Film që të emocionon. Aktorë të shkëlqyer që kanë dhënë më të mirën e tyre. Përcillen mesazhe të bukura.,1
Qesharak! E pashë këtë film me instruktorin e alpinizmit dhe atij iu duk komplet qesharak. ,0
Kryevepër! Ky film është i mrekullueshëm. Të gjitha skenat janë realizuar shkëlqyeshëm. ,1
Film i mërzitshëm dhe aspak bindës. E humba komplet interesin për ta parë. ,0
Racizëm amerikan. Ngjall urrejtje dhe paragjykime.,0
Film kryevepër. Aktrim i shkëlqyer dhe skenar që i afrohet shumë ngjarjeve reale të historisë. ,1
Histori interesante dhe aktrim profesional. Duhet ta shikoni!,1
Skenat e natyrës ekzotike janë të shkëlqyera. Film i realizuar shumë mirë. ,1
Asnjë film tjetër nuk mund të krahasohet me këtë. Përbën një gjini më vete dhe të tërheq sa herë e sheh. ,1
Film idiot që çalon në çdo drejtim. Skenar qesharak që nuk e besojnë as kalamajtë. ,0
Melodramë aksion e shkëlqyer! Duhet ta shihni.,1
Një risjellje e dobët e origjinalit. Më shumë gjak dhe dhunë nuk kanë sjellë asgjë interesante. ,0
Film i shkëlqyer me arte marciale. Duhet ta shihni.,1
Mediokritet i mbiçmuar. Film i mërzitshëm me shumë gabime. ,0
interesant! Ky film më frymëzoi të shkoj në pyjet tropikale. ,1
Melodramë dhe aksion i shkëlqyer. Ka aktorë të mrekullueshëm. ,1
Realizim autentik me aktrim të shkëlqyer. Efektet speciale janë realizuar mirë dhe shfaqen mëse të besueshme. ,1
Aktrim i dobët dhe pasaktësi të shumta historike. Muzika e bukur ishte e vetmja që më pëlqeu. ,0
"Dielogje që mbahen mend, skena të realizuara bukur, aktorët fantastikë! Ky film është shumë argëtues. ",1
Skenat e dyluftimeve janë të realizuara mirë! Historia dhe karakteret gjithashtu!,1
"Regji e dobët, aktrim i dobët, muzikë koti. Nuk ia vlen. ",0
"Një film i përkryer. Romancë e ndjerë dhe e sinqertë, me aktrim të shkëlqyer. ",1
"Histori tërheqëse që të bën për vete dhe të mbërthen para ekranit. Realizim që pavarësisht se devijon nga historia e vërtet, të argëton.",1
Film qesharak por shumë i mbiçmuar. Histori aspak bindëse e mbushur me efekte speciale. ,0
Pse xhirohen filma të tillë?! Asgjë origjinale. Shumë i mërzitshëm. ,0
Filmi më i keq për të cilin kam shpenzuar para. ,0
Film i keq në çdo cak të idiotsisë së vet. Gabime të pabesueshme në skenar dhe skena komplet qesharake. ,0
Film i paaritshëm sa i takon tensionit dhe horrorit. Muzika i përshtatet mjaft mirë secilës skenë. ,1
Problemi kryesor i këtij filmi është regjia e dobët. Varianti vizatimor i vitit 1967 është më i bukur. ,0
Skenar aspak realist dhe regji e dobët. Nuk ia vlen fare. ,0
Një nga filmat më të mirë me peshkaqen. Shumë argëtues. ,1
"Film i mërzitshëm. Skenar absurd dhe pa baza. Aktrimi jo i mirë. E vetmja gjë që më pëlqeu ishin efektet speciale, por nuk mjaftojnë. ",0
"Film aksion shumë i keq. Nuk prisja ndonjë histori interesante, por aktrimi dhe efektet janë të dobëta. ",0
Me shumë gabime teknike. Film i mërzitshëm. ,0
Aktrim i shkëlqyer. Komedia më e bukur për krishtlindje. ,1
Film britanik i mërzitshëm. Skenar dhe dialogje të dobëta.  ,0
"Film i realizuar bukur dhe me efekte grafike të shkëlqyera. Historia nuk është realiste, por kjo nuk do të thotë gjë. ",1
Ky është filmi më i bukur i të gjitha kohërave. E kam parë sa e sa herë. ,1
Skena të mërzitshme dhe të parashikueshme.,0
Mbetet një film i shkëlqyer edhe pas 30 vitesh. Nuk mbaj mend sa herë e kam parë. ,1
Dialogje shumë të bukura dhe aventurë interesante. i ka të gjitha brenda. ,1
"ishte në nivelin e pritshmërive. Pavarësisht se historia nuk është realiste, është realizuar bukur dhe ka aksion e efekte speciale. ",1
"Ndërthurje e dobët e komikes, fantastikes dhe aventurës. Nuk i arrin pritshmëritë. ",0
Një nga filmat më të dobët. Plot gabime dhe me efekte qesharake. Muzika e mire nuk e shpëton.,0
Filmi më i dobët i vitit 2007. Mos humbisni kohë. ,0
Shpërdorim i parave. Film i mërzitshëm. ,0
"Nuk është vlerësuar siç duhet. Ky film i përmbledh të gjitha, histori e bukur, aktrim i mirë dhe efekte të shkëlqyera. ",1
Film patetik. Zhgënjim i papërshkrueshëm. Mos e shikoni.,0
Film zhgënjyes dhe i mërzitshëm. Aktrimi nuk është në nivelin e duhur. ,0
Kryevepër që arrin ta shfaqë historinë në mënyrë realiste dhe epike njëkohësisht. ,1
Film i mërzitshëm. Nuk durohet nga fillimi në fund. ,0
Film i shkëlqyer që të bën për vete nga fillimi në fund. Nuk vdes asnjëherë. ,1
interesant dhe argëtues. Aksion i një niveli shumë të mirë. ,1
Më pëlqen ky film. Muzika shumë e bukur. Aktrimi gjithashtu.,1
Dështim në çdo drejtim. Mos humbisni kohë. ,0
"Film i shkëlqyer që ia vlen ta shihni, edhe nëse nuk jeni të dhënë pas historisë. ",1
Humbje kohe! Aktrim dhe regji e dobët. ,0
Zhgënjyes në kulm. Histori apokaliptike fare e pabesueshme. Realizim i dobët. ,0
"Theks i shtirur i aktorëve, dhunë e shtirur, skenar pa baza. Nuk ka agjë te ky film që mund të pëlqehet. ",0
Film i dobët në shumë aspekte. Skenari lë për të dëshiruar.,0
Kryevepër e trishtë që trajton temën e hakmarrjes dhe shpagimit. Ngjan me një poemë rreth jetës dhe vdekjes,1
Aktrim i dobët. Personazhet kryesore duken si adoleshentë nga sjelljet. Efektet speciale janë të dobëta.  ,0
Film epik rreth amerikës së lashtë. Historia të magjeps!,1
Theks i shtirur i një gjuetari gjarpërinjsh. Mos e shikoni këtë film se nuk ia vlen. ,0
Romancë e shtirur dhe pa kimi. Skenari i parashikueshëm nuk të bën kurioz ta shohësh deri në fund. ,0
Filmi më i keq që kam parë. Gabime të pafundme në skenar. Fyerje për inteligjencën e njerëzve. ,0
"Dialogje të shkëlqyera, aksion, dramë dhe aktrim mjeshtërore. ",1
"Ka disa dobësi, por historia mbetet tërheqëse. Edhe aktrimi dhe efektet speciale janë të mira. ",1
Histori e mrekullueshme dashurie. Film me ndikim të jashtëzakonshëm.,1
Aktrim i keq në majën e maleve. Të gjitha skenat janë të varfra.,0
"E adhuroj këtë film, edhe pasi e kam parë sa e sa herë. Skenat epike me aksion në beteja janë fantastike. ",1
Film aksion me aktrim të dobët. ,0
Film i mrekullueshëm që nuk duhet humbur. Shumë emocionues dhe me mesazhe të ngelen në mendje.,1
Nuk ka më filma si ky. Shumë argëtues. E rekomandoj!,1
Vetem fillimi disi interesant. Çdo gjë tjetër nuk ia vlen.,0
Mbeturinë e shitur tej mase. Filmi më i dobët që kam parë.,0
"Melodramë dhe aksion i shkëlqyer. Të mban kurioz gjithë kohës, nga fillimi në fund. ",1
Aktorë të mrekullueshëm dhe realizim fantastik. Film shumë argëtues që të mban para ekranit. Nuk do zhgënjeheni. ,1
Film i mërzitshëm dhe i realizuar dobët. Aktrimi dhe efektet speciale janë mediokre. ,0
Film pseudopoetik që nuk përcjell asgjë. Depresiv dhe aspak argëtues. ,0
"Dështim i plotë në skenar. Aktrim i dobët dhe dialogje mediokre. Efektet speciale janë të mira, por nuk mjaftojnë. ",0
Film aksion i përkryer! Histori interesante dhe aktrim i mrekullueshëm,1
Film patriotik i shpifur. Skenar i neveritshëm dhe pa lidhje. ,0
"Film i mrekullueshëm. Shumë emocionues. Aktrimi fantastik, e muzika gjithashtu. ",1
Shpërdorim i talentit të aktorëve. Dhunë e pakumptimtë që nuk përcjell asgjë. ,0
Aktrim i dobët dhe skenar qesharak. Efektet speciale lënë për të dëshiruar. ,0
Film i mrekullueshëm. Gjithkush duhet ta shohi. ,1
"Rasti tipiku ku etja për para krijon filma të shpifur si ky. Nuk ia vlen, pavarësisht se ka efekte speciale të mira. ",0
"Aksion i një niveli të lartë, me skenar fantastik.",1
Kryevepër aksion e pavlerësuar siç duhet. Plot me skena të paharrueshme. ,1
"Film i mrekullueshëm. Duhet parë, sidomos nga njerëzit e moshës 20 – 39 vjeç. ",1
Zhgënjim i madh. Film politik idiot ,0
Nuk ka lidhje fare me librin ku bazohet. Dy versionet e mëparshme janë realizuar më mirë. ,0
Film pa kuptim dhe aspak i besueshëm. Humbje kohe. ,0
"Në fillim isha skeptik, por doli një film shumë i mirë. Më habit fakti që është i shkëlqyer por jo shumë i njohur",1
U mahnita nga konceptimi dhe historia. Aksioni është fantastik. ,1
Skenat e dyluftimit duken më shumë si keç sesa si arte marciale. Film i dobët. ,0
"i dobët në të gjitha aspektet. Efektet speciale janë të mira, por ato nuk mund të japin një film të mirë. ",0
"Skenari i dobët, aktrimi po ashtu. Kohë e humbur. ",0
Kryevepër! Një nga filmat aksion më të mirë të të gjitha kohërave. ,1
E shoh këtë film çdo dhjetor pa u mërzitur asnjëherë. Komedi e pavdekshme!,1
Film klasik me përbindësha që të bën për vete. Ka tension dhe të tërheq ta shohësh deri në fund. ,1
Film që mund të shihet pa pushim. Nuk më është mërzitur asnjëherë. ,1
Pa dyshim një nga filmat fantastiko-shkencorë më të mirë. ,1
Film argëtues me batuta që të ngelen më mendje. Nuk duhet ta humbisni. ,1
Grafika kompjuterike është përdorur keq në këtë film tej mase të kushtueshëm. ,0
"Film disi depresiv dhe i errët, por i realizuar shumë bukur. Aktrim shumë i mirë që të bën për vete. ",1
E kam parë shumë herë dhe gjithnjë kam qeshur me të madhe. Komedi shumë gazmore!,1
Film me tension dhe emocione. Shpalos mesazh të fortë mbi raportin e njeriut me natyrën. ,1
Film i mbiçmuar dhe pa vlera. Të gjithë e njohin historinë. Pse duhet humbur kohë shtesë me këtë film,0
Një nga filmat më të bukur të arteve marciale të të gjitha kohërave! Trupë e shkëlqyer aktorësh.,1
Film i mrekullueshëm. Më mbërtheu kuriozitetin nga fillimi në fund. E rekomandoj për këdo. ,1
Humor i pastër dhe origjinal. Mos e humbisni.,1
Mos e shpërdoroni kohën! Ky film është më të dobëtit e realizuar. ,0
Nuk ka asgjë gazmore! Humbje kohe. Mos e shikoni!,0
Film i cekët dhe i realizuar keq. Larg nivelit të pritshmërive. ,0
Zkenar i zbrazët dhe qesharak. Aktrimi shumë i dobët. Nuk ia vlen. ,0
Film i padurueshëm. U lë të kuptojnë njerëzve se nëse nuk jeni familjarë nuk mund të jeni plotësisht të lumtur. ,0
"Aksion, aventurë, mister, komedi dhe gjithçka tjetër!",1
"Balancë e shkëlqyer e aksionit, aventurës dhe arteve marciale.",1
Nuk e besoj se si ka njerëz që e pëlqejnë këtë film. Nuk ia vlen. ,0
Aksion policor që të bën për vete. Aktrim dhe regji e shkëlqyer. Kostumet të realizuara bukur,1
Nuk është plotësisht i përshtatshëm për fëmijët për shkak të dhunës së tepërt. ,0
Romancë e cekët dhe e mërzitshme. Nuk ia vlen. ,0
"Një film shumë emocional, me efekte dhe muzikë të mrekullueshme. ",1
"Efekte grafike të shëlqyera dhe realizim i mirë i një historie interesante. Aksion i bukur, pavarësisht se ngjarjet janë nuk janë realiste",1
"Supozohet të jetë komedi, por nuk të bën as për të qeshur. Film i dobët. ",0
"Film fantastik që përfshin gjithçka, aventurë, komedi dhe të qeshura pa fund. ",1
Ngjarje e sajuar që zgjat shumë në kohë dhe bëhet e mërzitshme. Aktrimi është i mirë gjithsesi. ,0
Më pëlqeu shumë. Shfaq larmi ndjenjash dhe ia vlen. ,1
Film i dobët në çdo aspekt. Nuk ia vlen.,0
Filmat me bebe si ky nuk ia vlejnë. Janë të cekët dhe pa lidhje me realitetin,0
"Përmban gjithçka. Regji të shkëlqyer, aktrim mjeshtëror, muzikë të bukur, batuta të paharrueshme etj. ",1
Skenar i thjeshtë por interesant. Skenat aksion janë të realizuara bukur. E rekomandoj. ,1
Aktrim i shkëlqyer dhe skenar interesant. Film që duhet parë. ,1
"Plerë! Plot me prerje kokash, rrjepje, therje dhe dhunë mizore.",0
Një nga filmat më të suksesshëm të të gjitha kohërave. Aktrim i shkëlqyer.,1
"Ky film meriton vlerësim më të mirë. Regjia, muzika, aktrimi, çdo element i përsosur. ",1
Aspak interesant. Historia nuk të bën për vete dhe fundi është fare i rëndomtë. ,0
"Film me tension, horror, aksion dhe çdo gjë tjetër të sjell; magjishëm",1
Skenar interesant dhe aktrim i mirë. Film që të mban kurioz deri në fund. ,1
"Film argëtues nga mitologjia. Skena të realizuara mirë, megjithëse muzika e sfondit është e dobët. ",1
Një nga përçudnimet  më të këqija të historisë. Më pëlqyen dialogjet dhe mesazhet. Edhe muzika e bukur. Por nuk e rekomandoj. ,0
Trupa e aktorëve ka punuar shumë mirë. Film fantastiko-shkencor i mrekullueshëm. ,1
Aspak argëtues! Historia shumë e gabuar dhe e transformuar. ,0
Një kryevepër klasike. E kam parë sa e sa herë. ,1
"Histori me gabime, e realizuar me dhunë të tepruar dhe pa ngjallur kërshëri. ",0
Film i mbiçmuar pa asnjë meritë. Skena të cekëta dhe të parashikueshme. ,0
Film i shkëlqyer komik! Të qeshura pa mbarim. ,1
Histori prekëse rreth tejkalimit të vështirësive në jetë. Një film mahnitës. ,1
"Film i listës “duhet ta shoh para se të vdes”. Trajton temën e udhëheqësit të përkryer, të guximshëm, të drejtë. Film i pavdekshëm. ",1
Film për adoleshentët që sapo kanë nisur cigaren. Tragjedi e erët dhe patetike që nuk përcjell asgjë. ,0
Skena aksion të dobëta dhe aspak realiste. ,0
Film pa përmbajtje për 2 orë që zgjat. Aktrim mediokër i aktorëve kryesorë. ,0
Filmi aksion më i keq që kam parë. Shumë steriotipizime dhe aspak emocione. ,0
Film i shkëlqyer. ia rekomandoj gjithkujt. Në ditët e sotme vështirë se gjen filma me skenar të moralshëm si ky. ,1
Film shumë i gjatë dhe i mërzitshëm.,0
Film i pabesueshëm dhe i mërzitshëm. Askush nuk bindet që personazhi kryesor është një gjeni matematike. ,0
"Skenar i shkruar dobët, aktrim i keq dhe efekte koti. Një nga filmat më kot që kam parë. ",0
E kam parë këtë film që fëmijë dhe ende më pëlqen. Dyluftime shumë të bukura.,1
Një nga filmat më të mirë fantastiko-shkencorë dhe aksion një kohësisht. Një kryevepër e papërsëritshme. ,1
"Dramë me bazë hakmarrjen, që të bën për vete. Duhet parë. ",1
Version i realizuar dobët. Aventurat janë të thjeshtuara së tepërmi dhe nuk emocionojnë. ,0
"Skenar shumë interesant, megjithëse pak i besueshëm. Skenat aksion janë fantastike. ",1
"Ngjarjet e rëndësishme kalohen shpejt, ndërsa të rëndomtat jepen me hollësi. Çdo 30 minuta duket sikur po sheh një film tjetër. ",0
Film i shpifur qe nuk ia vlen. Nuk e rekomandoj. ,0
Film plerë. Aspak kimi midis personazheve. Skenar shumë i keq dhe efekte speciale të dobëta. ,0
Histori interesante që evokon antikitetin dhe mitet. Realizim i bukur që të tërheq. Muzika disi e dobët. ,1
Film që shfaq dhunë. Gjëja më e keqe është se dhuna jepet në funksion të argëtimit. ,0
"Edhe pse fundi është i njohur, interesi për ta parë filmin ngelet i lartë deri në fund. ",1
Portretizimi i Hitlerit është i shkëlqyer. Film me vlera që duhet parë nga të gjithë. ,1
Regjisori dhe aktorët të mrekullueshëm. ,1
Film i thjeshtë dhe i bukur. i përshtatshëm për të gjitha moshat. Histori interesante që të tërheq ta ndjekësh deri në fund. ,1
Film i mrekullueshëm që e kam parë sa e sa herë. E adhuroj!,1
"Çdo skenë është e parashikueshme, përfshirë dhe fundin. Film i gjatë dhe aspak interesant. ",0
Ky film më ka pëlqyer gjithnjë. E kam parë sa e sa herë.,1
"Duket më shumë si film për kalamaj, me efekte speciale që nuk bindin. Nuk tërheq dhe është humbje kohe. ",0
Një klasik i dramës dhe i horrorit. Aktrim i shkëlqyer dhe muzikë drithëruese.,1
Komedi e artë. Një nga më të mirat. Humor origjinal ,1
Film shumë i bukur me personazhe të realizuara mjeshtërisht. ,1
Ky film ka shumë pak për të pëqyer. ,0
Humbje kohe dhe parash. Teknologjia e përparuar dhe efektet grafike të bukura nuk kanë mjaftuar për të sjellë diçka me vlerë nga skenari. ,0
Zhgënyes në çdo aspekt. Nuk ia vlen. ,0
Të tërheq në një aventurë mahnitëse. Film që përcakton standardin e gjinisë fantashkencë,1
Komedi e shkëlqyer që ia vlen ta shihni me familjen. ,1
Film i pështirë. Nuk e pashë më tepër se 10 minuta. ,0
Ky film i qëndron kohës si më i dobëti i krijuar ndonjëherë. Kulmi i zhgënjimit,0
Ky film përçudnon mitologjinë dhe tallet me publikun. Shumë i dobët. Më pëlqyen vetëm efektet grafike. Edhe muzika disi e bukur. ,0
Zhgënjim i plotë. Aktrim i dobët dhe skenar qesharak. Mos humbisni kohë. ,0
Skenar i dobët dhe aktrim i keq. i vetmi personazh interesant u vra që në fillim. Nuk ia vlen. ,0
Ky film nuk është për fëmijë. Duhet të ndalohet!,0
Fundi është shumë prekës. Të bën të qash. Shumë emocional!,1
Mediokritet! Pa asnjë vlerë.,0
Aktrim dhe zhvillim interesant i personazheve. Të mbërthen kuriozitetin deri në fund. ,1
Film i keq me subjekt të sajuar dhe dialogje qesharake.,0
Ky film nuk ka asgjë të pëlqyeshme. Ka mangësi në çdo aspekt. ,0
Skenar i shkruar keq dhe aktrim i dobët i protagonistëve. Shumica e skenave janë klishe. ,0
Film i shkëlqyer aksion. Relizim i përkryer dhe aktrim i jashtëzakonshëm. Mos e humbisni. ,1
Film aksion i paharrueshëm. Një nga më të mirët. ,1
lumtur,1
